{
  "timestamp": "2026-02-11T13:54:01.074084",
  "lattice_size": 10000,
  "sequence_progress": [
    "Node 0: Void lattice foundation [0]\u2093",
    "Node 1: \u03c6 (Golden Ratio) emerges from symmetry breaking",
    "Node 2: e (Natural Base) emerges from growth phase",
    "Node 3: \u03c0 (Pi) emerges from closure",
    "Node 4: \u03b1 (Fine-Structure) emerges from coupling",
    "Node 5: Measurement collapse \u2192 All exact constants"
  ],
  "constants": {
    "phi_proto": 1.04944,
    "e_proto": 2.018592684606023,
    "pi_proto": 0.0368459912388055,
    "alpha_proto": 0.007299270072992701,
    "phi_exact": 1.618033988749895,
    "e_exact": 2.718281828459045,
    "pi_exact": 3.141592653589793,
    "alpha_exact": 0.0072973525692838015,
    "c": 299792458.0,
    "mu0": 1.2566370614359173e-06,
    "epsilon0": 8.854187817620389e-12,
    "Z0": 376.73031346177066,
    "h": 6.62607015e-34,
    "hbar": 1.0545718176461565e-34,
    "G": 6.6743e-11,
    "planck_length": 1.6162550244237053e-35,
    "planck_time": 5.391246448313604e-44,
    "planck_mass": 2.1764343427178984e-08,
    "elementary_charge": 1.602176634e-19,
    "boltzmann": 1.380649e-23,
    "accuracy": {
      "phi": 0.0,
      "e": 0.0,
      "pi": 0.0,
      "alpha": 0.0
    }
  },
  "accuracy": {
    "phi": 0.0,
    "e": 0.0,
    "pi": 0.0,
    "alpha": 0.0
  },
  "structural_metrics": {}
}